nome_posto,rodovia,uf,municipio,km,latitude,longitude,concessionaria,situacao,tipo_pista,sentido,geometry
PRF ATIBAIA F6-32,BR-381,SP,Atibaia,47.399,-23.19135,-46.585265,AUTOPISTA FERNÃO DIAS,Ativo,Principal,Crescente,POINT (-46.585265 -23.19135)
PRF VARGEM F6-31,BR-381,SP,Vargem,8.880,-22.917532,-46.431892,AUTOPISTA FERNÃO DIAS,Ativo,Principal,Decrescente,POINT (-46.431892 -22.917532)
PRF ITAPEVA,BR-381,MG,Itapeva,926.318,-22.768579,-46.21007,AUTOPISTA FERNÃO DIAS,Ativo,Principal,Crescente/Decrescente,POINT (-46.21007 -22.768579)
PRF POUSO ALEGRE,BR-381,MG,Pouso Alegre,871.060,-22.397376,-45.959924,AUTOPISTA FERNÃO DIAS,Ativo,Principal,Crescente/Decrescente,POINT (-45.959924 -22.397376)
PRF TRÊS CORAÇÕES,BR-381,MG,Três Corações,758.460,-21.690201,-45.349674,AUTOPISTA FERNÃO DIAS,Ativo,Principal,Crescente/Decrescente,POINT (-45.349674 -21.690201)
PRF PERDÕES,BR-381,MG,Perdões,679.044,-21.120093,-45.095727,AUTOPISTA FERNÃO DIAS,Ativo,Principal,Crescente/Decrescente,POINT (-45.095727 -21.120093)
PRF OLIVEIRA,BR-381,MG,Oliveira,608.900,-20.669336,-44.738065,AUTOPISTA FERNÃO DIAS,Ativo,Principal,Crescente/Decrescente,POINT (-44.738065 -20.669336)
PRF ITAIAIUÇU,BR-381,MG,Itatiaiuçu,537.700,-20.209054,-44.390488,AUTOPISTA FERNÃO DIAS,Ativo,Principal,Crescente/Decrescente,POINT (-44.390488 -20.209054)
PRF BETIM,BR-381,MG,Betim,499.175,-19.996602,-44.209103,AUTOPISTA FERNÃO DIAS,Ativo,Principal,Crescente/Decrescente,POINT (-44.209103 -19.996602)
UOP 01 da 5ª DEL,BR-101,RJ,Campos dos Goytacazes,27.800,-21.447613,-41.34312,AUTOPISTA FLUMINENSE,Ativo,Principal,Decrescente,POINT (-41.34312 -21.447613)
UOP 02 da 5ª DEL,BR-101,RJ,Campos dos Goytacazes,78.150,-21.835839,-41.42062,AUTOPISTA FLUMINENSE,Ativo,Principal,Decrescente,POINT (-41.42062 -21.835839)
UOP 04 da 2ª DEL,BR-101,RJ,Casimiro de Abreu,203.370,-22.475444,-42.172346,AUTOPISTA FLUMINENSE,Ativo,Principal,Crescente,POINT (-42.172346 -22.475444)
UOP 03 da 2ª DEL,BR-101,RJ,Rio Bonito,269.050,-22.715042,-42.679022,AUTOPISTA FLUMINENSE,Ativo,Principal,Crescente,POINT (-42.679022 -22.715042)
UOP 02 da 2ª DEL,BR-101,RJ,São Gonçalo,308.070,-22.792949,-43.024864,AUTOPISTA FLUMINENSE,Ativo,Principal,Crescente,POINT (-43.024864 -22.792949)
EDF 101 SC 025+800 S 1,BR-101,SC,Joinville,25.800,-26.190284,-48.91205,AUTOPISTA LITORAL SUL,Ativo,Principal,Crescente,POINT (-48.91205 -26.190284)
EDF 101 SC 081+600 S 1,BR-101,SC,Barra Velha,81.600,-26.610073,-48.722579,AUTOPISTA LITORAL SUL,Ativo,Principal,Crescente,POINT (-48.722579 -26.610073)
EDF 101 SC 143+200 N 1,BR-101,SC,Itapema,143.200,-27.065953,-48.595563,AUTOPISTA LITORAL SUL,Ativo,Principal,Decrescente,POINT (-48.595563 -27.065953)
EDF 101 SC 190+260 N 1,BR-101,SC,Biguaçu,190.260,-27.470479,-48.641028,AUTOPISTA LITORAL SUL,Ativo,Principal,Decrescente,POINT (-48.641028 -27.470479)
EDF 101 SC 220+200 N 1,BR-101,SC,Palhoça,220.200,-27.695095,-48.661869,AUTOPISTA LITORAL SUL,Ativo,Principal,Decrescente,POINT (-48.661869 -27.695095)
EDF 116 PR 094+910 S 1,BR-116,PR,São José dos Pinhais,94.910,-25.526761,-49.140596,AUTOPISTA LITORAL SUL,Ativo,Principal,Crescente,POINT (-49.140596 -25.526761)
EDF 376 PR 662+000 S 1,BR-376,PR,Tijucas do Sul,662.000,-25.853184,-48.977461,AUTOPISTA LITORAL SUL,Ativo,Principal,Crescente,POINT (-48.977461 -25.853184)
EDF 116 PR 137+400 S 1,BR-116,PR,Mandirituba,137.400,-25.741265,-49.317703,AUTOPISTA PLANALTO SUL,Ativo,Principal,Crescente,POINT (-49.317703 -25.741265)
EDF 116 SC 001+000 N 1,BR-116,SC,Mafra,1.000,-26.116157,-49.785989,AUTOPISTA PLANALTO SUL,Ativo,Principal,Decrescente,POINT (-49.785989 -26.116157)
EDF 116 SC 119+600 N 1,BR-116,SC,Santa Cecília,119.600,-26.825977,-50.370947,AUTOPISTA PLANALTO SUL,Ativo,Principal,Decrescente,POINT (-50.370947 -26.825977)
EDF 116 SC 199+900 S 1,BR-116,SC,Ponte Alta,199.900,-27.427635,-50.410321,AUTOPISTA PLANALTO SUL,Ativo,Principal,Crescente,POINT (-50.410321 -27.427635)
EDF 116 SC 279+000 N 1,BR-116,SC,Capão Alto,279.000,-28.031477,-50.562307,AUTOPISTA PLANALTO SUL,Ativo,Principal,Decrescente,POINT (-50.562307 -28.031477)
EDF 116 SP 285+700 S 1,BR-116,SP,Itapecerica da Serra,285.700,-23.690063,-46.862847,AUTOPISTA REGIS BITTENCOURT,Ativo,Principal,Crescente,POINT (-46.862847 -23.690063)
EDF 116 SP 344+000 S 2,BR-116,SP,Miracatu,344.000,-24.029973,-47.17829,AUTOPISTA REGIS BITTENCOURT,Ativo,Principal,Crescente,POINT (-47.17829 -24.029973)
EDF 116 SP 387+500 N 1,BR-116,SP,Miracatu,387.500,-24.267563,-47.393229,AUTOPISTA REGIS BITTENCOURT,Ativo,Principal,Decrescente,POINT (-47.393229 -24.267563)
EDF 116 SP 439+500 S 1,BR-116,SP,Registro,439.500,-24.45704,-47.814402,AUTOPISTA REGIS BITTENCOURT,Ativo,Principal,Crescente,POINT (-47.814402 -24.45704)
EDF 116 SP 525+700 N 1,BR-116,SP,Barra do Turvo,525.700,-24.928686,-48.271991,AUTOPISTA REGIS BITTENCOURT,Ativo,Principal,Decrescente,POINT (-48.271991 -24.928686)
EDF 116 PR 055+700 N 1,BR-116,PR,Campina Grande do Sul,55.700,-25.28018,-48.926204,AUTOPISTA REGIS BITTENCOURT,Ativo,Principal,Decrescente,POINT (-48.926204 -25.28018)
EDF 116 SP 287+050 S 1,BR-116,SP,Itapecerica da Serra,287.050,-23.700308,-46.869051,AUTOPISTA REGIS BITTENCOURT,Ativo,Principal,Crescente,POINT (-46.869051 -23.700308)
Posto da Polícia Rodoviária Federal - Brasília,BR-60,DF,Brasília,13.160,-15.928695,-48.167905,CONCEBRA,Ativo,Principal,Crescente,POINT (-48.167905 -15.928695)
Delegacia da Polícia Rodoviária Federal - Anápolis,BR-60,GO,Anápolis,86.000,-16.32,-48.870506,CONCEBRA,Ativo,Principal,Crescente/Decrescente,POINT (-48.870506 -16.32)
Posto da Polícia Rodoviária Federal - Goiânia,BR-60,GO,Goianápolis,130.100,-16.57555,-49.160788,CONCEBRA,Ativo,Principal,Crescente/Decrescente,POINT (-49.160788 -16.57555)
Posto da Polícia Rodoviária Federal - Hidrolândia,BR-153,GO,Hidrolândia,525.200,-16.921267,-49.252163,CONCEBRA,Ativo,Principal,Crescente/Decrescente,POINT (-49.252163 -16.921267)
Delegacia da Polícia Rodoviária Federal Morrinhos,BR-153,GO,Morrinhos,609.600,-17.626217,-49.177965,CONCEBRA,Ativo,Principal,Crescente/Decrescente,POINT (-49.177965 -17.626217)
Posto da Polícia Rodoviária Federal - Itumbiara,BR-153,GO,Itumbiara,688.900,-18.290999,-49.238828,CONCEBRA,Ativo,Principal,Crescente/Decrescente,POINT (-49.238828 -18.290999)
Posto da Polícia Rodoviária Federal - Monte Alegre,BR-153,MG,Monte Alegre de Minas,56.600,-18.867567,-49.066689,CONCEBRA,Ativo,Principal,Crescente/Decrescente,POINT (-49.066689 -18.867567)
Posto da Polícia Rodoviária Federal - Frutal,BR-153,MG,Frutal,194.100,-19.920475,-48.96116,CONCEBRA,Ativo,Principal,Crescente,POINT (-48.96116 -19.920475)
Posto da Polícia Rodoviária Federal - Bom Despacho,BR-262,MG,Bom Despacho,474.500,-19.786738,-45.231728,CONCEBRA,Ativo,Principal,Decrescente,POINT (-45.231728 -19.786738)
Posto da Polícia Rodoviária Federal - Corrego Danta,BR-262,MG,Córrego Danta,575.200,-19.67631,-46.043841,CONCEBRA,Ativo,Principal,Crescente,POINT (-46.043841 -19.67631)
Delegacia da Polícia Rodoviária Federal - Araxá,BR-262,MG,Araxá,677.400,-19.552848,-46.878542,CONCEBRA,Ativo,Principal,Crescente,POINT (-46.878542 -19.552848)
UN 020202,BR-163,MT,Itiquira,48.000,-17.090969,-54.760367,CRO,Ativo,Principal,Decrescente,POINT (-54.760367 -17.090969)
UN 020201,BR-364,MT,Rondonópolis,211.400,-16.417169,-54.706667,CRO,Ativo,Principal,Decrescente,POINT (-54.706667 -16.417169)
UN 020101,BR-364,MT,Santo Antônio de Leverger,387.900,-15.701369,-55.873669,CRO,Ativo,Principal,Decrescente,POINT (-55.873669 -15.701369)
UN 020402,BR-364,MT,Várzea Grande,434.600,-15.649246,-56.195049,CRO,Ativo,Principal,Crescente,POINT (-56.195049 -15.649246)
UN 020401,BR-364,MT,Diamantino,587.900,-14.532093,-56.230782,CRO,Ativo,Principal,Decrescente,POINT (-56.230782 -14.532093)
UN 020601,BR-163,MT,Sorriso,733.000,-12.697762,-55.811428,CRO,Ativo,Principal,Decrescente,POINT (-55.811428 -12.697762)
PRF SAU-02,BR-50,GO,Campo Alegre de Goiás,163.760,-17.285666,-47.757327,ECO050,Ativo,Principal,Decrescente,POINT (-47.757327 -17.285666)
CATALÃO,BR-50,GO,Catalão,286.340,-18.222117,-47.972679,ECO050,Ativo,Principal,Crescente,POINT (-47.972679 -18.222117)
ARAGUARI,BR-50,MG,Araguari,42.200,-18.693424,-48.181693,ECO050,Ativo,Principal,Crescente,POINT (-48.181693 -18.693424)
UBERABA,BR-50,MG,Uberaba,166.300,-19.703427,-47.98568,ECO050,Ativo,Principal,Decrescente,POINT (-47.98568 -19.703427)
PRF São Matheus,BR-101,ES,São Mateus,57.767,-18.648967,-39.873538,ECO101,Ativo,Principal,Crescente,POINT (-39.873538 -18.648967)
PRF Linhares,BR-101,ES,Linhares,152.831,-19.422318,-40.077917,ECO101,Ativo,Principal,Crescente,POINT (-40.077917 -19.422318)
PRF Serra,BR-101,ES,Serra,251.846,-20.096784,-40.339347,ECO101,Ativo,Principal,Crescente,POINT (-40.339347 -20.096784)
PRF Viana,BR-101,ES,Viana,304.768,-20.382689,-40.459486,ECO101,Ativo,Principal,Crescente,POINT (-40.459486 -20.382689)
PRF Guarapari,BR-101,ES,Guarapari,345.206,-20.658808,-40.613612,ECO101,Ativo,Principal,Crescente,POINT (-40.613612 -20.658808)
PRF Cachoeiro de Itapemirim,BR-101,ES,Itapemirim,414.080,-20.924125,-41.07814,ECO101,Ativo,Principal,Decrescente,POINT (-41.07814 -20.924125)
PRF Serra,BR-101,ES,Serra,251.847,-20.096783,-40.339346,ECO101,Ativo,Principal,Crescente,POINT (-40.339346 -20.096783)
PRF Viana,BR-101,ES,Viana,304.769,-20.382688,-40.459485,ECO101,Ativo,Principal,Crescente,POINT (-40.459485 -20.382688)
PRF Guarapari,BR-101,ES,Guarapari,345.207,-20.658807,-40.613611,ECO101,Ativo,Principal,Crescente,POINT (-40.613611 -20.658807)
PRF Linhares,BR-101,ES,Linhares,152.832,-19.422317,-40.077916,ECO101,Ativo,Principal,Crescente,POINT (-40.077916 -19.422317)
PRF1,BR-116,RS,Arroio Grande,610.550,-32.23236,-53.057921,ECOSUL,Ativo,Principal,Crescente,POINT (-53.057921 -32.23236)
PRF2,BR-116,RS,Pelotas,508.480,-31.612857,-52.305062,ECOSUL,Ativo,Principal,Crescente,POINT (-52.305062 -31.612857)
PRF3,BR-392,RS,Rio Grande,47.700,-31.890948,-52.318425,ECOSUL,Ativo,Principal,Decrescente,POINT (-52.318425 -31.890948)
PRF4,BR-392,RS,Rio Grande,28.400,-32.059242,-52.270662,ECOSUL,Ativo,Principal,Crescente/Decrescente,POINT (-52.270662 -32.059242)
PRF5,BR-116,RS,Pelotas,524.000,-31.728165,-52.387854,ECOSUL,Ativo,Marginal,Crescente,POINT (-52.387854 -31.728165)
POSTO RODOVIÁRIO FEDERAL PORANGATU,BR-153,GO,Porangatu,67.000,-13.406226,-49.131292,ECOVIAS DO ARAGUAIA,Ativo,Principal,Crescente,POINT (-49.131292 -13.406226)
POSTO RODOVIÁRIO FEDERAL URUAÇU,BR-153,GO,Uruaçu,192.600,-14.469712,-49.156157,ECOVIAS DO ARAGUAIA,Ativo,Principal,Crescente,POINT (-49.156157 -14.469712)
POSTO RODOVIÁRIO FEDERAL JARAGUÁ,BR-153,GO,Jaraguá,361.000,-15.774878,-49.306928,ECOVIAS DO ARAGUAIA,Ativo,Principal,Crescente,POINT (-49.306928 -15.774878)
POSTO RODOVIÁRIO FEDERAL GURUPI,BR-153,TO,Gurupi,666.500,-11.674158,-49.065075,ECOVIAS DO ARAGUAIA,Ativo,Principal,Crescente,POINT (-49.065075 -11.674158)
Delegacia DEL 15 - Uberlandia,BR-365,MG,Uberlândia,631.350,-18.897694,-48.382583,ECOVIAS DO CERRADO,Ativo,Principal,Crescente,POINT (-48.382583 -18.897694)
Unidade Operacional - UOP Uberlandia,BR-365,MG,Uberlândia,631.350,-18.897694,-48.382583,ECOVIAS DO CERRADO,Ativo,Principal,Crescente,POINT (-48.382583 -18.897694)
Unidade Operacional - UOP Cachoeira Alta,BR-364,GO,Cachoeira Alta,92.650,-18.473024,-51.082241,ECOVIAS DO CERRADO,Ativo,Principal,Decrescente,POINT (-51.082241 -18.473024)
Unidade Operacional - UOP Jataí,BR-364,GO,Jataí,191.300,-17.923583,-51.689722,ECOVIAS DO CERRADO,Ativo,Principal,Decrescente,POINT (-51.689722 -17.923583)
Delegacia DEL 05 - Jataí,BR-364,GO,Jataí,191.300,-17.923583,-51.689722,ECOVIAS DO CERRADO,Ativo,Principal,Decrescente,POINT (-51.689722 -17.923583)
Delegacia em Niterói,BR-101,RJ,Niterói,322.080,-22.878384,-43.114368,ECOVIAS PONTE,Ativo,Principal,Crescente,POINT (-43.114368 -22.878384)
Unidade Operacional Niterói,Acesso N 02,RJ,Niterói,0.100,-22.879268,-43.114084,ECOVIAS PONTE,Ativo,Principal,Crescente,POINT (-43.114084 -22.879268)
Unidade Operacional RJ,BR-101,RJ,Rio de Janeiro,332.800,-22.879383,-43.211877,ECOVIAS PONTE,Ativo,Principal,Crescente,POINT (-43.211877 -22.879383)
UOP PRF,BR-116,RJ,Teresópolis,74.140,-22.169617,-42.828579,ECOVIAS RIO MINAS,Ativo,Principal,Crescente/Decrescente,POINT (-42.828579 -22.169617)
Delegacia e UOP PRF,BR-116,RJ,Teresópolis,47.060,-22.169617,-42.828579,ECOVIAS RIO MINAS,Ativo,Principal,Crescente/Decrescente,POINT (-42.828579 -22.169617)
UOP PRF,BR-116,RJ,Magé,126.250,-22.654775,-43.08665,ECOVIAS RIO MINAS,Ativo,Principal,Crescente/Decrescente,POINT (-43.08665 -22.654775)
UOP PRF,BR-116,RJ,Magé,137.545,-22.647318,-43.184696,ECOVIAS RIO MINAS,Ativo,Principal,Crescente/Decrescente,POINT (-43.184696 -22.647318)
UOP PRF,BR-116,RJ,São João de Meriti,176.795,-22.7826,-43.386344,ECOVIAS RIO MINAS,Ativo,Principal,Crescente/Decrescente,POINT (-43.386344 -22.7826)
UOP PRF,BR-116,RJ,Seropédica,212.804,-22.716081,-43.715917,ECOVIAS RIO MINAS,Ativo,Principal,Crescente/Decrescente,POINT (-43.715917 -22.716081)
UOP PRF,BR-116,MG,Caratinga,522.160,-19.747529,-42.132865,ECOVIAS RIO MINAS,Ativo,Principal,Crescente/Decrescente,POINT (-42.132865 -19.747529)
UOP PRF,BR-116,MG,Caratinga,529.080,-19.806267,-42.135181,ECOVIAS RIO MINAS,Ativo,Principal,Crescente/Decrescente,POINT (-42.135181 -19.806267)
UOP PRF,BR-116,MG,Fervedouro,650.445,-20.727863,-42.281189,ECOVIAS RIO MINAS,Ativo,Principal,Crescente/Decrescente,POINT (-42.281189 -20.727863)
UOP PRF,BR-116,MG,Muriaé,703.795,-21.135956,-42.386927,ECOVIAS RIO MINAS,Ativo,Principal,Crescente/Decrescente,POINT (-42.386927 -21.135956)
UOP PRF,BR-116,MG,Leopoldina,767.650,-21.54364,-42.657215,ECOVIAS RIO MINAS,Ativo,Principal,Crescente/Decrescente,POINT (-42.657215 -21.54364)
UOP PRF,BR-465,RJ,Rio de Janeiro,22.420,-22.86488,-43.601078,ECOVIAS RIO MINAS,Ativo,Principal,Crescente/Decrescente,POINT (-43.601078 -22.86488)
Postos da PRF - Santo Antonio da Platina,BR-153,PR,Santo Antônio da Platina,40.500,-23.28454,-50.05678,LITORAL PIONEIRO,Ativo,Principal,Crescente,POINT (-50.05678 -23.28454)
Postos da PRF - Paranaguá,BR-277,PR,Paranaguá,11.750,-25.56408,-48.63288,LITORAL PIONEIRO,Ativo,Principal,Crescente,POINT (-48.63288 -25.56408)
Postos da PRF - São José dos Pinhais,BR-277,PR,São José dos Pinhais,59.310,-25.55562,-49.02942,LITORAL PIONEIRO,Ativo,Principal,Decrescente,POINT (-49.02942 -25.55562)
Postos da BPRv - Piraí do Sul,151,PR,Piraí do Sul,264.000,-24.59368,-49.94822,LITORAL PIONEIRO,Ativo,Principal,Crescente,POINT (-49.94822 -24.59368)
Postos da BPRv - Pontal do Paraná,407,PR,Pontal do Paraná,16.000,-25.68398,-48.49539,LITORAL PIONEIRO,Ativo,Principal,Crescente,POINT (-48.49539 -25.68398)
Postos da BPRv - Paranaguá,508,PR,Paranaguá,14.000,-25.69206,-48.57434,LITORAL PIONEIRO,Ativo,Principal,Crescente,POINT (-48.57434 -25.69206)
Postos da PRF - Cornélio Procópio,BR-369,PR,Cornélio Procópio,83.840,-23.16018,-50.60809,LITORAL PIONEIRO,Ativo,Principal,Crescente,POINT (-50.60809 -23.16018)
Postos da BPRv - Arapoti,092,PR,Arapoti,220.000,-24.11897,-49.84413,LITORAL PIONEIRO,Ativo,Principal,Decrescente,POINT (-49.84413 -24.11897)
Postos da BPRv - Santo Antonio da Platina,092,PR,Santo Antônio da Platina,323.600,-23.38485,-50.05324,LITORAL PIONEIRO,Ativo,Principal,Decrescente,POINT (-50.05324 -23.38485)
PRF Mundo Novo,BR-163,MS,Eldorado,33.207,-23.822461,-54.330442,MSVIA,Ativo,Principal,Decrescente,POINT (-54.330442 -23.822461)
Delegacia PRF Naviraí,BR-163,MS,Naviraí,130.506,-23.037929,-54.2645,MSVIA,Ativo,Principal,Decrescente,POINT (-54.2645 -23.037929)
PRF Navirai,BR-163,MS,Naviraí,130.518,-23.037929,-54.264369,MSVIA,Ativo,Principal,Decrescente,POINT (-54.264369 -23.037929)
PRF Caarapó,BR-163,MS,Caarapó,216.096,-22.568592,-54.821849,MSVIA,Ativo,Principal,Decrescente,POINT (-54.821849 -22.568592)
Delegacia PRF Dourados,BR-163,MS,Dourados,267.264,-22.210859,-54.713394,MSVIA,Ativo,Principal,Decrescente,POINT (-54.713394 -22.210859)
PRF Dourados,BR-163,MS,Dourados,267.292,-22.210678,-54.713196,MSVIA,Ativo,Principal,Decrescente,POINT (-54.713196 -22.210678)
PRF Rio Brilhante,BR-163,MS,Rio Brilhante,323.712,-21.778803,-54.526403,MSVIA,Ativo,Principal,Decrescente,POINT (-54.526403 -21.778803)
PRF Campo Grande,BR-163,MS,Campo Grande,454.641,-20.685166,-54.55388,MSVIA,Ativo,Principal,Decrescente,POINT (-54.55388 -20.685166)
PRF de Jaraguari,BR-163,MS,Jaraguari,530.564,-20.067929,-54.424932,MSVIA,Ativo,Principal,Decrescente,POINT (-54.424932 -20.067929)
PRF São Gabriel do Oeste,BR-163,MS,São Gabriel do Oeste,612.072,-19.416548,-54.553502,MSVIA,Ativo,Principal,Decrescente,POINT (-54.553502 -19.416548)
PRF Coxim,BR-163,MS,Coxim,734.566,-18.468383,-54.715862,MSVIA,Ativo,Principal,Decrescente,POINT (-54.715862 -18.468383)
Delegacia PRF Coxim,BR-163,MS,Coxim,734.630,-18.467793,-54.715746,MSVIA,Ativo,Principal,Decrescente,POINT (-54.715746 -18.467793)
7 Delegacia da PRF,BR-116,RJ,Resende,310.250,-22.45892,-44.43726,RIOSP,Ativo,Principal,Crescente,POINT (-44.43726 -22.45892)
PRF Aparecida,BR-116,SP,Aparecida,71.420,-22.85818,-45.23317,RIOSP,Ativo,Principal,Crescente,POINT (-45.23317 -22.85818)
PRF Aruja,BR-116,SP,Arujá,198.800,-23.4014,-46.31109,RIOSP,Ativo,Principal,Crescente,POINT (-46.31109 -23.4014)
PRF Balanca Resende,BR-116,RJ,Resende,307.800,-22.45711,-44.41289,RIOSP,Ativo,Principal,Crescente,POINT (-44.41289 -22.45711)
PRF Bonsucesso,BR-116,SP,Guarulhos,208.850,-23.42396,-46.3979,RIOSP,Ativo,Principal,Decrescente,POINT (-46.3979 -23.42396)
PRF Cacapava,BR-116,SP,Caçapava,126.880,-23.10662,-45.69746,RIOSP,Ativo,Principal,Crescente,POINT (-45.69746 -23.10662)
PRF Caicara,BR-116,RJ,Piraí,233.440,-22.66699,-43.84102,RIOSP,Ativo,Principal,Decrescente,POINT (-43.84102 -22.66699)
PRF Floriano,BR-116,RJ,Barra Mansa,293.000,-22.46998,-44.27907,RIOSP,Ativo,Principal,Crescente,POINT (-44.27907 -22.46998)
PRF Guararema,BR-116,SP,Guararema,179.750,-23.3342,-46.14133,RIOSP,Ativo,Principal,Crescente,POINT (-46.14133 -23.3342)
PRF Itatiaia,BR-116,RJ,Itatiaia,319.080,-22.495205,-44.571317,RIOSP,Ativo,Principal,Crescente,POINT (-44.571317 -22.495205)
PRF,BR-101,SP,Ubatuba,31.926,-23.387417,-44.979968,RIOSP,Ativo,Principal,Decrescente,POINT (-44.979968 -23.387417)
PRF,BR-101,SP,Ubatuba,48.048,-23.437581,-45.087539,RIOSP,Ativo,Principal,Decrescente,POINT (-45.087539 -23.437581)
PRF,BR-101,RJ,Itaguaí,399.795,-22.858902,-43.75913,RIOSP,Ativo,Principal,Crescente,POINT (-43.75913 -22.858902)
PRF,BR-101,RJ,Angra dos Reis,473.124,-22.989642,-44.2418,RIOSP,Ativo,Principal,Crescente,POINT (-44.2418 -22.989642)
PRF,BR-101,RJ,Paraty,543.279,-23.030895,-44.546071,RIOSP,Ativo,Principal,Decrescente,POINT (-44.546071 -23.030895)
PRF - Queluz,BR-116,SP,Queluz,0.450,-22.516398,-44.703763,RIOSP,Ativo,Principal,Decrescente,POINT (-44.703763 -22.516398)
PRF - Lavrinhas ,BR-116,SP,Lavrinhas,18.240,-22.56008,-44.85875,RIOSP,Ativo,Principal,Decrescente,POINT (-44.85875 -22.56008)
PRF - Roseira ,BR-116,SP,Roseira,78.630,-22.891522,-45.291683,RIOSP,Ativo,Principal,Crescente,POINT (-45.291683 -22.891522)
PRF - Taubaté ,BR-116,SP,Taubaté,112.600,-23.043092,-45.577595,RIOSP,Ativo,Principal,Crescente,POINT (-45.577595 -23.043092)
PRF - São José dos Campos ,BR-116,SP,São José dos Campos,156.200,-23.24938,-45.935715,RIOSP,Ativo,Principal,Crescente,POINT (-45.935715 -23.24938)
PRF - Paracambi,BR-116,RJ,Paracambi,223.500,-22.687541,-43.808852,RIOSP,Ativo,Principal,Crescente,POINT (-43.808852 -22.687541)
PRF - Volta Redonda ,BR-116,RJ,Volta Redonda,263.400,-22.592743,-44.071345,RIOSP,Ativo,Principal,Crescente,POINT (-44.071345 -22.592743)
PRF- Itatiaia ,BR-116,RJ,Itatiaia,317.300,-22.467558,-44.504014,RIOSP,Ativo,Principal,Decrescente,POINT (-44.504014 -22.467558)
PRF Jacareí,BR-116,SP,Jacareí,165.300,-23.297396,-46.009532,RIOSP,Ativo,Principal,Crescente,POINT (-46.009532 -23.297396)
6ª Delegacia - Unidade Operacional 02,BR-393,RJ,Sapucaia,137.000,-22.01298,-42.952873,RODOVIA DO AÇO,Ativo,Principal,Decrescente,POINT (-42.952873 -22.01298)
5ª Delegacia - Unidade Operacional 01,BR-393,RJ,Paraíba do Sul,182.700,-22.143316,-43.287729,RODOVIA DO AÇO,Ativo,Principal,Crescente,POINT (-43.287729 -22.143316)
5ª Delegacia - Unidade Operacional 02,BR-393,RJ,Barra do Piraí,275.000,-22.475864,-44.005386,RODOVIA DO AÇO,Ativo,Principal,Decrescente,POINT (-44.005386 -22.475864)
PRF SJRP,BR-153,SP,São José do Rio Preto,69.700,-20.85473,-49.404263,TRANSBRASILIANA,Ativo,Principal,Crescente,POINT (-49.404263 -20.85473)
PRF SJRP,BR-153,SP,São José do Rio Preto,58.200,-22.978458,-49.903744,TRANSBRASILIANA,Ativo,Principal,Crescente,POINT (-49.903744 -22.978458)
PRF GUAIÇARA,BR-153,SP,Guaiçara,174.000,-22.267857,-49.923841,TRANSBRASILIANA,Ativo,Principal,Crescente,POINT (-49.923841 -22.267857)
PRF MARÍLIA,BR-153,SP,Marília,260.500,-21.629143,-49.787799,TRANSBRASILIANA,Ativo,Principal,Crescente,POINT (-49.787799 -21.629143)
PRF OURINHOS,BR-153,SP,Ourinhos,345.200,-20.785228,-49.354013,TRANSBRASILIANA,Ativo,Principal,Crescente,POINT (-49.354013 -20.785228)
PRF - 277 - KM 140,BR-277,PR,Balsa Nova,146.500,-25.470275,-49.724723,VIA ARAUCÁRIA,Ativo,Principal,Crescente/Decrescente,POINT (-49.724723 -25.470275)
PRF - 277 - KM 246,BR-277,PR,Irati,252.365,-25.444149,-50.682023,VIA ARAUCÁRIA,Ativo,Principal,Crescente/Decrescente,POINT (-50.682023 -25.444149)
PRF - 373 - KM 184,BR-373,PR,Ponta Grossa,183.910,-25.043573,-50.283732,VIA ARAUCÁRIA,Ativo,Principal,Crescente/Decrescente,POINT (-50.283732 -25.043573)
PRF - 476 - KM 158,BR-476,PR,Araucária,158.000,-25.609995,-49.422603,VIA ARAUCÁRIA,Ativo,Principal,Decrescente,POINT (-49.422603 -25.609995)
PRF 01 - Guarantã do Norte,BR-163,MT,Guarantã do Norte,1086.000,-9.759673,-54.895896,VIA BRASIL,Ativo,Principal,Decrescente,POINT (-54.895896 -9.759673)
PRF 02 - Novo Progresso,BR-163,PA,Novo Progresso,297.300,-7.153187,-55.374572,VIA BRASIL,Ativo,Principal,Crescente,POINT (-55.374572 -7.153187)
PRF 03 - Itaituba,BR-163,PA,Itaituba,605.400,-4.806317,-56.122761,VIA BRASIL,Ativo,Principal,Crescente,POINT (-56.122761 -4.806317)
Polícia Rodoviária Paulo Lopes,BR-101,SC,Paulo Lopes,266.600,-28.077323,-48.712498,VIA COSTEIRA,Ativo,Principal,Crescente,POINT (-48.712498 -28.077323)
Polícia Rodoviária Federal de Tubarão,BR-101,SC,Tubarão,343.500,-28.5437,-49.053492,VIA COSTEIRA,Ativo,Principal,Crescente,POINT (-49.053492 -28.5437)
Polícia Rodoviária Federal de Araranguá,BR-101,SC,Araranguá,421.000,-29.005166,-49.564508,VIA COSTEIRA,Ativo,Principal,Crescente,POINT (-49.564508 -29.005166)
Paracatu,BR-40,MG,Paracatu,47.500,-17.2415,-46.82367,VIA CRISTAIS,Ativo,Principal,Crescente,POINT (-46.82367 -17.2415)
Três Marias,BR-40,MG,Três Marias,284.614,-18.249259,-45.176903,VIA CRISTAIS,Ativo,Principal,Crescente,POINT (-45.176903 -18.249259)
Sete Lagoas,BR-40,MG,Sete Lagoas,471.000,-19.474515,-44.291901,VIA CRISTAIS,Ativo,Principal,Crescente/Decrescente,POINT (-44.291901 -19.474515)
PRF 01,BR-40,MG,Belo Horizonte,544.000,-20.000192,-43.964003,VIA MINEIRA,Ativo,Principal,Crescente,POINT (-43.964003 -20.000192)
"""PRF 02	""",BR-40,MG,Congonhas,607.000,-20.479242,-43.841242,VIA MINEIRA,Ativo,Principal,Crescente,POINT (-43.841242 -20.479242)
PRF 03,BR-40,MG,Juiz de Fora,766.000,-21.593384,-43.45706,VIA MINEIRA,Ativo,Principal,Crescente,POINT (-43.45706 -21.593384)
Polícia Rodoviária Federal de Torres,BR-101,RS,Torres,0.200,-29.300935,-49.771369,VIA SUL,Ativo,Principal,Crescente/Decrescente,POINT (-49.771369 -29.300935)
Polícia Rodoviária Federal de Osório,BR-101,RS,Osório,83.200,-29.8571,-50.248116,VIA SUL,Ativo,Principal,Crescente,POINT (-50.248116 -29.8571)
Polícia Rodoviária Federal de Porto Alegre,BR-290,RS,Porto Alegre,91.000,-29.969938,-51.170845,VIA SUL,Ativo,Principal,Crescente/Decrescente,POINT (-51.170845 -29.969938)
Polícia Rodoviária Federal de Soledade,BR-386,RS,Soledade,250.200,-28.828077,-52.465293,VIA SUL,Ativo,Principal,Crescente,POINT (-52.465293 -28.828077)
Polícia Rodoviária Federal de Lajeado,BR-386,RS,Lajeado,342.000,-29.432073,-52.011812,VIA SUL,Ativo,Principal,Crescente,POINT (-52.011812 -29.432073)
Polícia Rodoviária Federal de Tabaí,BR-386,RS,Tabaí,386.000,-29.690748,-51.712039,VIA SUL,Ativo,Principal,Crescente/Decrescente,POINT (-51.712039 -29.690748)
Polícia Rodoviária Federal de Montenegro,BR-386,RS,Montenegro,423.800,-29.817888,-51.382876,VIA SUL,Ativo,Principal,Decrescente,POINT (-51.382876 -29.817888)
